Business Name,Phone Number,Address,Followers,URL,State,City,Country,Zip Code,Website
Honeysuckle Designs,(505) 459-1571,"Albuquerque, New Mexico United States",0 Followers Follow,https://www.houzz.com/pro/sabrinajazzyjackson/honeysuckle-designs,,,,,
Pro designer,(505) 150-5051,87124 United States,0 Followers Follow,https://www.houzz.com/pro/webuser-613492801/pro-designer,,,,,
Dawn Davis Interiors,(505) 699-7314,"Santa Fe, New Mexico 87507 United States",0 Followers Follow,https://www.houzz.com/pro/webuser-820942754/dawn-davis-interiors,"Fe, New Mexico",Santa,United States,87507,
sydney smith/ethan allen,(505) 291-9494,"albuquerque, New Mexico 87111 United States",1 Follower Follow,https://www.houzz.com/pro/webuser-825279/sydney-smith-ethan-allen,,,,,
Travois Revival LLC,(303) 507-7500,"9820 Sunshine Mesa Dr NW ALBUQUERQUE, New Mexico United States",0 Followers Follow,https://www.houzz.com/pro/chi-babich/travois-revival-llc,,,,,
Sagebrush Church,(505) 480-7129,"1400 Kenwood Ct. NW Albuquerque, New Mexico 87105 United States",0 Followers Follow,https://www.houzz.com/pro/webuser-41460128/sagebrush-church,New Mexico,Albuquerque,United States,87105,
cultural revival,(505) 699-0010,"Chimayo, New Mexico 87522 United States",1 Follower Follow,https://www.houzz.com/pro/longdog2014/cultural-revival,,,,,
Blaire Thomas Designs,(512) 554-3869,"6709 Harper Dr NE Albuquerque, New Mexico 87109 United States",0 Followers Follow,https://www.houzz.com/pro/blaire-thomas/blaire-thomas-designs,New Mexico,Albuquerque,United States,87109,
"Spatial Harmony Color Consulting + Design, LLC",(505) 903-3200,"Albuquerque, New Mexico 87102 United States",9 Followers Follow,https://www.houzz.com/pro/marisasaavedragutierrez/spatial-harmony-color-consulting-design-llc,,,,,www.spatialharmony.net
