Business Name,Address,Followers,URL,State,City,Country,Zip Code,Phone Number,Website,Typical Job Cost
Connie Ragusa - Consultant,"0000 rue T Laval, Quebec H7K0C2 Canada",95 Followers Follow Socials Find me on Facebook,https://www.houzz.com/pro/connie-ragusa/connie-ragusa-consultant,,,,,,,
Luxe Living Montreal,Montreal H4R0J7 Canada,0 Followers Follow,https://www.houzz.com/pro/luxe-living/luxe-living-montreal,,,,,(514) 258-7149,www.luxelivingmontreal.com,
Shearer Luxury,"52 fifth street west Morrisburg, Ontario K0C 1X0 Canada",0 Followers Follow,https://www.houzz.com/pro/webuser-397864400/shearer-luxury,,,,,(613) 330-3262,,
denisfontaine22,"420-680 de courcelle Montreal, Quebec H4C0B8 Canada",3 Followers Follow,https://www.houzz.com/pro/denisfontaine22/denisfontaine22,,,,,(514) 913-2162,,
Matte & Glossy,"Longueuil, Quebec J4H 2P1 Canada",25 Followers Follow,https://www.houzz.com/pro/matte-glossy/matte-glossy,,,,,(514) 953-6535,matteetglossy.com/,"CAD 1,000 - CAD 20,000"
"Gilberte Interiors, inc","10 Allen Street Hanover, New Hampshire 03755 United States",121 Followers Follow Socials Find me on FacebookFind me on LinkedinFind me on my blog or other site,https://www.houzz.com/pro/cboghosian/gilberte-interiors-inc,New Hampshire,Hanover,United States,03755,(603) 643-3727,www.gilberteinteriors.com,
Sandra Keeshan Designs,"166 Four Sisters Road South Burlington, Vermont 05403 United States License Number K10019980",8 Followers Follow,https://www.houzz.com/pro/sandrakeeshan/sandra-keeshan-designs,,,,,(802) 952-2984,,
Loft Design,"Montréal, Quebec H4S 1N3 Canada",45 Followers Follow Socials Find me on FacebookFind me on Twitter,https://www.houzz.com/pro/leloftdesign/loft-design,,,,,(514) 331-3883,,
Cparq,"6610 25e avenue Montréal, Quebec H1T 3L7 Canada",4 Followers Follow,https://www.houzz.com/pro/carlos-paz29/cparq,,,,,(514) 431-7140,,
Edna's Design,Montreal h1m3c8 Canada,0 Followers Follow,https://www.houzz.com/pro/edna-pusztai/edna-s-design,,,,,(514) 502-7112,www.ednasdesign.com,
BHR Designs,"Saint-Laurent, Quebec H4R0J9 Canada",0 Followers Follow Socials Find me on FacebookFind me on LinkedinFind me on my blog or other site,https://www.houzz.com/pro/bhrdesignsmtl/bhr-designs,,,,,(514) 290-9840,www.bhrdesigns.com,
emerge,"167 Saint Zotique E MONTREAL, Quebec H2S1K9 Canada",14 Followers Follow Contact Seller,https://www.houzz.com/pro/emvidmar/emerge,,,,,(514) 885-2605,,"CAD 500 - CAD 20,000 Read More"
Decorator Shop,"Saranac Lake, New York 12983 United States",0 Followers Follow,https://www.houzz.com/pro/thedecoratorshop/decorator-shop,New York,Saranac Lake,United States,12983,(518) 891-4730,,
Maria Josee Bernardino Designs,"Montreal, Quebec H7E 4G6 Canada",50 Followers Follow,https://www.houzz.com/pro/info9360/maria-josee-bernardino-designs,,,,,(514) 240-5324,info9360.houzz.com,
3d Arts et design,"Montreal, Quebec Canada",3 Followers Follow Socials Find me on FacebookFind me on LinkedinFind me on my blog or other site,https://www.houzz.com/pro/ouadji/3d-arts-et-design,,,,,(514) 245-0757,ouadji.houzz.com,$200 - 600
Pierre Senechal Design Studio,"MONTREAL,Québec, Quebec H2W 1T6 Canada",0 Followers Follow Socials Find me on TwitterFind me on LinkedinFind me on my blog or other site,https://www.houzz.com/pro/pierre-senchal83/pierre-senechal-design-studio,,,,,(514) 234-7155,pierresenechaldesign.business.site,"CAD 100,000 - CAD 3,000,000 Read More"
First Avenue Atelier,"Montréal, Quebec H3K 0b2 Canada",0 Followers Follow,https://www.houzz.com/pro/webuser-811327134/first-avenue-atelier,,,,,(514) 686-4098,Www.firstavenueatelier.com,
ADGdesign,"Montreal, Quebec H4w3k8 Canada",0 Followers Follow,https://www.houzz.com/pro/andrea-greenberg88/adgdesign,,,,,(514) 928-0607,,
Louise Paradis,"1591 rue de Poitiers Terrebonne, Quebec J6X 4P3 Canada",4 Followers Follow,https://www.houzz.com/pro/louiseparadis/louise-paradis,,,,,(514) 914-5156,,
Gakou,"5150 rue buchan Montreal, Quebec H4p0a9 Canada",0 Followers Follow,https://www.houzz.com/pro/mamediarra-ball/gakou,,,,,(514) 839-9291,,
tina corp,"4 Rue du Vice-Roi La Prairie, Quebec J5R 0T6 Canada",0 Followers Follow,https://www.houzz.com/pro/tina-sideris52/tina-corp,,,,,(450) 659-9446,,
Va : Vivre Autrement,"Montréal, Quebec H2H 2P9 Canada",23 Followers Follow Socials Find me on FacebookFind me on my blog or other site,https://www.houzz.com/pro/vavivreautrement/va-vivre-autrement,,,,,(514) 568-9685,vivre-autrement.ca,"$1,500 - 10,000"
Farmhouse New England Designs,"1366 Easton Road Franconia, New Hampshire 03580 United States",0 Followers Follow,https://www.houzz.com/pro/webuser-618324057/farmhouse-new-england-designs,New Hampshire,Franconia,United States,03580,(603) 790-0130,www.farmhousenewengland.com,"$350 - 25,000 Read More"
Lily,735 rue moffat Montréal h4h1y7 Canada,4 Followers Follow,https://www.houzz.com/pro/floberian/lily,,,,,(514) 969-8959,,
Leah Stein,"Montréal, Quebec Canada",9 Followers Follow,https://www.houzz.com/pro/interiorsbyleah/leah-stein,,,,,,,
KH intérieurs,"Montréal-Est, Quebec j5z4v8 Canada",0 Followers Follow,https://www.houzz.com/pro/houle-karine/kh-int-rieurs,,,,,(514) 795-0671,,
29 Design Studio,"Potsdam, New York 13676 United States",8 Followers Follow,https://www.houzz.com/pro/erin4419/29-design-studio,New York,Potsdam,United States,13676,(315) 244-0346,www.29design-studio.com,
