Business Name,Phone Number,Website,Address,Followers,URL,State,City,Country,Zip Code,Typical Job Cost
Abby Craighton | Interior Design,(319) 569-3340,www.dwellhomefurnishings.com/,"Coralville, Iowa 52404 United States",6 Followers Follow Socials Find me on my blog or other site,https://www.houzz.com/pro/ellingsa/abby-craighton-interior-design,Iowa,Coralville,United States,52404,
PAN•O•PLY Design Studio,(309) 314-2283,panoplydesignstudio.com,"Davenport, Iowa 52807 United States",97 Followers Follow Socials Find me on FacebookFind me on my blog or other site,https://www.houzz.com/pro/ashleyrothschild/pan-o-ply-design-studio,Iowa,Davenport,United States,52807,"$100 - 100,000 Read More"
GWEN PARKER INTERIORS,(319) 594-2541,gwenparkerinteriors.com,"462 1st Ave CORALVILLE, Iowa 52241 United States",30 Followers Follow Socials Find me on my blog or other site,https://www.houzz.com/pro/gwenparker/gwen-parker-interiors,Iowa,CORALVILLE,United States,52241,"$1,000 - Read More"
Vista Interiors,(319) 480-7623,,"Monticello, Iowa 52310 United States License Number ID00114, NCIDQ 33222",18 Followers Follow,https://www.houzz.com/pro/lindsay-ries/vista-interiors,,,,33222,
Basket of Daisies,(319) 220-5311,www.Basketofdaisies.com,"116 Main Street Cedar Falls, Iowa 50613 United States",43 Followers Follow Socials Find me on FacebookFind me on my blog or other site,https://www.houzz.com/pro/carlene-danielsen/basket-of-daisies,Iowa,Cedar Falls,United States,50613,
Moss & Mercantile,(563) 639-2612,www.mossandmercantile.com,"Davenport, Iowa 52803 United States",0 Followers Follow Socials Find me on FacebookFind me on my blog or other site,https://www.houzz.com/pro/webuser-953225297/moss-mercantile,Iowa,Davenport,United States,52803,
Focal Point Interiors,(319) 395-0921,,"1065 N. Center Point Rd. Hiawatha, Iowa 52233 United States",10 Followers Follow,https://www.houzz.com/pro/marjiez/focal-point-interiors,Iowa,Hiawatha,United States,52233,
Carrie Corson Design,(563) 340-4488,carriecorsondesign.com,"Le Claire, Iowa United States",4 Followers Follow,https://www.houzz.com/pro/webuser-632844402/carrie-corson-design,,,,,"$3,500 - 550,000 Read More"
Jackie Kiracofe Interior Designer,1319338890,www.dwellhomefurnishings.com/,"250 12th Ave Coralville, IA, Iowa 52241 United States",7 Followers Follow Socials Find me on my blog or other site,https://www.houzz.com/pro/jkiracofe/jackie-kiracofe-interior-designer,"IA, Iowa",Coralville,United States,52241,
Rhonda Staley Design,(319) 321-2404,rhondastaley.com,"Coralville, Iowa United States",21 Followers Follow Socials Find me on FacebookFind me on my blog or other site,https://www.houzz.com/pro/rstaleyiida/rhonda-staley-design,,,,,"$10,000 - 500,000"
Eastman Cartwright,(608) 802-7701,Www.Eastmancartwrighthome.com,"1125 Highway 61 Lancaster, Wisconsin 53813 United States",0 Followers Follow Socials Find me on FacebookFind me on my blog or other site,https://www.houzz.com/pro/webuser-556205132/eastman-cartwright,Wisconsin,Lancaster,United States,53813,
Carrie Hummel Interiors,(309) 737-0112,carriehummelinteriors.com,"209 Hillcrest Avenue Davenport, Iowa 52803 United States",0 Followers Follow Socials Find me on Facebook,https://www.houzz.com/pro/webuser-493843343/carrie-hummel-interiors,Iowa,Davenport,United States,52803,
Emily Hughes Interiors,(970) 319-6194,emilyhughesinteriors.com,"Iowa City, Iowa United States",4 Followers Follow,https://www.houzz.com/pro/emilyhughesinteriors/emily-hughes-interiors,,,,,"$1,000 - 200,000 Read More"
Madison Avenue Design & Home Styling,(563) 920-1337,forevercabinets.com,"201 Golf View Dr Edgewood, Iowa 52042 United States",15 Followers Follow,https://www.houzz.com/pro/alicia7125/madison-avenue-design-home-styling,Iowa,Edgewood,United States,52042,"$0 - 5,000 Read More"
Goranson Interiors,(347) 256-7149,Goransoninteriors.com,"Cedar Rapids, Iowa United States",0 Followers Follow,https://www.houzz.com/pro/andisha-goranson/goranson-interiors,,,,,
Sanctuary Home,(847) 409-1448,sanctuaryhomedesign.houzz.com,"Fairfield & DuBuque, Iowa 52556 United States",2 Followers Follow,https://www.houzz.com/pro/sanctuaryhomedesign/sanctuary-home,,,,,
HomeFront Interior Design,(563) 355-1700,www.daviagallup.com,"1711 Pineacre Avenue Davenport, Iowa 52803 United States License Number NCIDQ Certified",86 Followers Follow,https://www.houzz.com/pro/daviagallup/homefront-interior-design,Iowa,Davenport,,52803,
