Business Name,Phone Number,Address,Followers,URL,Website,Typical Job Cost
Courtnee Robertson,(720) 435-8673,"Denver, Colorado 80125 United States",3 Followers Follow,https://www.houzz.com/pro/courtneerobertson/courtnee-robertson,,
Lockwood Design Concepts,(303) 552-7836,"1125 Yank Street Golden, Colorado 80401 United States",11 Followers Follow,https://www.houzz.com/pro/pattilockwood/lockwood-design-concepts,Lockwooddesignconcepts.com,
Willow Designs,(530) 605-8047,"1405 Clover Creek Dr Longmont, Colorado 80503 United States",28 Followers Follow,https://www.houzz.com/pro/rebecca-gafner/willow-designs,,
Creations by Cole,(970) 405-0648,"6310 W 13th Street Drive Greeley, Colorado 80634 United States",0 Followers Follow,https://www.houzz.com/pro/nrspence/creations-by-cole,,
Simply Re-Design,(720) 984-8705,"Westminster, Colorado United States",2 Followers Follow,https://www.houzz.com/pro/simplyredesign/simply-re-design,,$250 - $6000.00 Read More
Koncept Designs,(720) 280-7213,"Denver, Colorado United States",0 Followers Follow,https://www.houzz.com/pro/sarah6999/koncept-designs,,
Haven,(303) 494-2340,"3240 Basalt Ct. Superior, Colorado 80027 United States",150 Followers Follow Socials Find me on FacebookFind me on LinkedinFind me on my blog or other site,https://www.houzz.com/pro/laurahodgson/haven,haveninteriors.com,"$10,000 - 500,000 Read More"
Betsy B Boutique,(720) 883-4743,"Denver, Colorado United States",37 Followers Follow,https://www.houzz.com/pro/betsy-baltzer/betsy-b-boutique,,
"Nomada Design, LLC",(718) 223-7303,"Denver, Colorado 80205 United States",,https://www.houzz.com/pro/nomadadesign/nomada-design-llc,www.nomadadesign.co,
A Starr Steed Design,(720) 443-7842,9482 S Hackberry Lane Highlands Ranch 80129 United States,1 Follower Follow,https://www.houzz.com/pro/allisonstarrsteed/a-starr-steed-design,,
Maxar,(970) 690-5060,"1300 W 120th Avenue Westminster, Colorado 80234 United States",0 Followers Follow,https://www.houzz.com/pro/lisa-ellison2/maxar,,
Awaken Interiors,(605) 351-6829,"Littleton, Colorado 80128 United States",99 Followers Follow Socials Find me on my blog or other site,https://www.houzz.com/pro/awakeninteriors/awaken-interiors,www.awakeninteriors.net,"$10,000 - 1 million Read More"
Nitowski Design Studio,(303) 902-2948,"Denver, Colorado 80212 United States",43 Followers Follow,https://www.houzz.com/pro/tina-kivalu/nitowski-design-studio,,"$1,500 - 80,000"
Denver Flooring & Finishes,(303) 246-4142,"denver, Colorado United States",2 Followers Follow,https://www.houzz.com/pro/carolmandarich/denver-flooring-finishes,,
Susan Malecki Design,(720) 263-6495,"Erie, Colorado 80516 United States",0 Followers Follow,https://www.houzz.com/pro/susanmaleckidesign/susan-malecki-design,www.susanmaleckidesign.com,
"D'Waters Interiors, Inc.",(303) 873-1978,"10000 E Yale Ave, #50 Denver, Colorado 80231 United States",89 Followers Follow,https://www.houzz.com/pro/dwinter1/d-waters-interiors-inc,dwatersinteriors.com,"$50,000 - 1 million"
Anna Black Interiors,(303) 570-7722,"1041 S. Krameria St. Denver, Colorado 80224 United States",0 Followers Follow Socials Find me on my blog or other site,https://www.houzz.com/pro/anna-black3/anna-black-interiors,www.annablackinteriors.com,
C. Ransbury Designs,(808) 463-0482,"5411 W 97th St, Unit F Broomfield, Colorado 80020 United States",19 Followers Follow Socials Find me on FacebookFind me on LinkedinFind me on my blog or other site,https://www.houzz.com/pro/christina-ransbury/c-ransbury-designs,cransbury.com,"$2,000 - 10,000 Read More"
Meghan Straub/Ethan Allen Centennial Design Center,(303) 858-8374,"Centennial, Colorado United States",8 Followers Follow,https://www.houzz.com/pro/megdesign01/meghan-straub-ethan-allen-centennial-design-center,www.ethanallen.com,"$2,000 - 75,000 Read More"
Little Black Bench,(303) 809-4471,"558 E Castle Pines Pkwy., Unit B4-409 Castle Pines, Colorado 80108 United States",0 Followers Follow,https://www.houzz.com/pro/webuser-153617153/little-black-bench,littleblackbench.com,
Arrowhead Floors & Interiors,(303) 903-7304,"14 Inverness Drive East D-100 Englewood, Colorado 80112 United States",0 Followers Follow,https://www.houzz.com/pro/webuser-420593427/arrowhead-floors-interiors,,
Becca Levin LLC,(303) 895-5555,"Denver, Colorado 80202 United States",0 Followers Follow,https://www.houzz.com/pro/webuser-64875704/becca-levin-llc,,
Rachel Case Photograpahy,(719) 304-1930,"Woodmoor, Colorado 80132 United States",0 Followers Follow,https://www.houzz.com/pro/webuser-301375515/rachel-case-photograpahy,,
Herbert Rempel Design Consultants,(720) 979-1716,"P.O. Box 6520 Denver, Colorado 80206 United States",0 Followers Follow,https://www.houzz.com/pro/herbert-rempel25/herbert-rempel-design-consultants,,
Soul Tree Design,,80501 United States,14 Followers Follow Socials Find me on FacebookFind me on Linkedin,https://www.houzz.com/pro/nicole-burkett/soul-tree-design,facebook.com/SoulTreeDesign,
Cuv√©e,(720) 512-8017,"Denver, Colorado United States",2 Followers Follow,https://www.houzz.com/pro/courtney532/cuv-e,,
Saneth Brown,(303) 396-2955,"PO Box 3515 Parker, Colorado 80134 United States",0 Followers Follow,https://www.houzz.com/pro/illuminations/saneth-brown,www.illuminationsds.com,
Senior Designer Design Lines Inc.,(720) 932-4153,"Denver, Colorado 80231 United States",67 Followers Follow,https://www.houzz.com/pro/greta-burandt/senior-designer-design-lines-inc,designlinesinc.com,
K and B Source,,"Denver, Colorado 80238 United States",6 Followers Follow,https://www.houzz.com/pro/kandbsource/k-and-b-source,,
Blake Ashley Design LLC,(303) 667-7474,"8246 S Trenton Way Centennial, Colorado 80112 United States",0 Followers Follow,https://www.houzz.com/pro/blake-wood18/blake-ashley-design-llc,,
Rachel B Interiors,(303) 717-6378,"4258 26th St. Boulder, Colorado 80304 United States",0 Followers Follow,https://www.houzz.com/pro/webuser-741732237/rachel-b-interiors,rachelbinteriors.com,
"Ducks on the Pond, LLC",(720) 317-1155,"Englewood, Colorado 80113 United States",0 Followers Follow,https://www.houzz.com/pro/webuser-549047473/ducks-on-the-pond-llc,www.ducksonthedesignpond.com,
Creative Ventures,(303) 717-2305,"1739 S Uinta Way Denver, Colorado 80231 United States",0 Followers Follow,https://www.houzz.com/pro/jody-schweigert/creative-ventures,,
Perfect Touch Designs,(720) 301-6501,"Castle Rock, Colorado 80104 United States",16 Followers Follow Socials Find me on my blog or other site,https://www.houzz.com/pro/kathyptd/perfect-touch-designs,www.perfecttouchdesigns.com,
Laura Interiors,(216) 269-6887,"Parker, Colorado 80138 United States",0 Followers Follow,https://www.houzz.com/pro/lsmartin2231/laura-interiors,,
blue spaces,(505) 603-5560,"boulder, Colorado 80027 United States",5 Followers Follow,https://www.houzz.com/pro/live4thesea43/blue-spaces,bluespacesanguilla.com,$50K - $5 million
kchofstetter,(925) 391-6229,18710 Archers Dr Monument 80132 United States,7 Followers Follow,https://www.houzz.com/pro/kchofstetter/kchofstetter,www.yourstyleinteriors.org,
TF Interiors,(303) 748-9037,"Parker, Colorado United States",0 Followers Follow,https://www.houzz.com/pro/thcollins71/tf-interiors,,
Up Street Design,(303) 909-1306,80121 United States,0 Followers Follow,https://www.houzz.com/pro/webuser-734546666/up-street-design,,
SHARON MILLER FOR ETHAN ALLEN,(303) 858-8374,"CENTENNIAL, Colorado United States",0 Followers Follow,https://www.houzz.com/pro/sharon-miller9644/sharon-miller-for-ethan-allen,ethanallen.com,
Claire,(720) 828-1565,"10095 Benton Street Westminster, Colorado 80020 United States",0 Followers Follow,https://www.houzz.com/pro/webuser-774733665/claire,,
Window Fashions Plus,(720) 246-7126,"golden, Colorado 80403 United States",4 Followers Follow,https://www.houzz.com/pro/delygl/window-fashions-plus,,
amie_colen,(303) 918-2757,"Evergreen, Colorado 80439 United States",5 Followers Follow,https://www.houzz.com/pro/amie-colen/amie-colen,,
Restore Me,,"14300 Waterside Lane D2 Broomfield, Colorado 80023 United States",7 Followers Follow,https://www.houzz.com/pro/jellomolly/restore-me,,
26536072,(303) 919-9212,"2400 Alexander Lane Greenwood Village, Colorado 80121 United States",0 Followers Follow,https://www.houzz.com/pro/cathleen-hancock/26536072,,
Robertson Productions,(720) 799-5097,"Golden, Colorado 80439 United States",10 Followers Follow,https://www.houzz.com/pro/kylebrookeglass/robertson-productions,,
Corona Street Properties,(720) 593-1230,"Denver, Colorado 80218 United States",0 Followers Follow,https://www.houzz.com/pro/coronastreet/corona-street-properties,www.coronastreetproperties.com,
Flanders LLC,(720) 635-0800,"Longmont, Colorado United States",0 Followers Follow,https://www.houzz.com/pro/webuser-74317309/flanders-llc,,"$20,000 - 80,000 Read More License Number 04254873-0000"
Boland Lord Design,(631) 805-8803,"Denver, Colorado United States",0 Followers Follow,https://www.houzz.com/pro/webuser-394334934/boland-lord-design,www.bolandlorddesign.com/,
"Sacred Spaces, LLC",(720) 366-5815,"8392 W. 26h Ave Lakewood, Colorado 80214 United States",2 Followers Follow,https://www.houzz.com/pro/designsbylauren87/sacred-spaces-llc,,
SiteSensible.com,(720) 583-2721,"Aurora, Colorado United States",0 Followers Follow,https://www.houzz.com/pro/webuser-672297491/sitesensible-com,,
Baker Standard Thyme,(970) 445-0606,80228 United States,0 Followers Follow,https://www.houzz.com/pro/webuser-376107687/baker-standard-thyme,,
myself,(720) 476-1956,"Denver, Colorado 80203 United States",0 Followers Follow,https://www.houzz.com/pro/webuser-62342756586/myself,,
Verdant Chic Designs,(303) 250-1782,"Aurora, Colorado 80016 United States",,https://www.houzz.com/pro/verdantchic/verdant-chic-designs,www.verdantchic.com,
Spyglass,(303) 979-7727,80123 United States,0 Followers Follow,https://www.houzz.com/pro/webuser-371768742/spyglass,,
none,303044203787,80304 United States,0 Followers Follow,https://www.houzz.com/pro/patricia-hanson6/none,,
Dipendra Pokhrel,(303) 547-5412,"2300 Village green Way Superior, Colorado 80027 United States",5 Followers Follow,https://www.houzz.com/pro/nepalusa/dipendra-pokhrel,,"$2,000 - 100,000"
patty_kiefer,(303) 216-0606,"9517 Nile Way Arvada, Colorado 80007 United States",0 Followers Follow,https://www.houzz.com/pro/patty-kiefer/patty-kiefer,,
Starr Design Studio Group,(720) 526-0173,"Boulder, Colorado 80301 United States",0 Followers Follow,https://www.houzz.com/pro/sherial-starr303/starr-design-studio-group,www.starrdesignstudiogroup.com,$0 - 10 million Read More
TS Interior Design,(303) 704-8589,Aurora 80016 United States,10 Followers Follow,https://www.houzz.com/pro/tschult123/ts-interior-design,,
Crimson + Cashmere,(303) 601-0489,"Denver, CO, Colorado 80211 United States",1 Follower Follow,https://www.houzz.com/pro/crimsonandcashmere/crimson-cashmere,,
Sharon VanBeber designs,(970) 978-8009,"752 deer meadow drive Liveland, Colorado 80537 United States",0 Followers Follow,https://www.houzz.com/pro/skvanbeber/sharon-vanbeber-designs,Macvan@ail.com,
Blank Space Interiors,(651) 269-6302,"PO Box 18865 Boulder, Colorado 80308 United States",9 Followers Follow,https://www.houzz.com/pro/itslolo/blank-space-interiors,,
Core Partners,(303) 725-2681,Denver 80211 United States,12 Followers Follow,https://www.houzz.com/pro/clhaupt22/core-partners,,
Black Hound Design Company,(303) 424-3391,"4935 Allison St #10 Arvada, Colorado 80002 United States",0 Followers Follow,https://www.houzz.com/pro/webuser-87038824/black-hound-design-company,,
Adam T. Mills,(303) 379-9365,"7200 East HampdenAve. Suite 102 Denver, Colorado 80224 United States",20 Followers Follow,https://www.houzz.com/pro/adam9872/adam-t-mills,baczewskiluxury.com/showroom//,"$200 - 20,000.00"
Eleven Eleven Design Consulting,(443) 745-2797,80016 United States,0 Followers Follow,https://www.houzz.com/pro/connie-silver21/eleven-eleven-design-consulting,,
jlc interiors,(303) 501-7408,"2285-b s. jasper way aurora, Colorado 80013 United States",5 Followers Follow,https://www.houzz.com/pro/janacole/jlc-interiors,janal.cole@yahoo.com,
Jimica Perea Designs,30394481,80031 United States,0 Followers Follow,https://www.houzz.com/pro/jimica-perea/jimica-perea-designs,,
ULA Building,(720) 979-8112,"5414 DTC Parkway Greenwood Village, Colorado 80111 United States",0 Followers Follow,https://www.houzz.com/pro/anna-meletyan/ula-building,,
organized.style,(720) 934-4214,"Denver, Colorado United States",0 Followers Follow,https://www.houzz.com/pro/erin830/organized-style,,
Heritage Wallpaper & Blinds,(719) 428-9428,"11858 Blueridge Dr Colorado Springs, Colorado 80921 United States",10 Followers Follow,https://www.houzz.com/pro/mbmealer/heritage-wallpaper-blinds,heritagewb.com,
JLL,(303) 522-0780,"9855 Clairton Way Littleton, Colorado 80126 United States",0 Followers Follow,https://www.houzz.com/pro/joy-landry83/jll,,
Conspire Design | Feng Shui Coach,(303) 918-5610,"Littleton, Colorado 80130 United States",32 Followers Follow Socials Find me on FacebookFind me on LinkedinFind me on my blog or other site,https://www.houzz.com/pro/sharon-wunder/conspire-design-feng-shui-coach,sharonwunder.com,"$225 - 1,000 Read More"
Interior Designs by Renee Koeller,(303) 868-7718,"10240 Longview Dr. Lone Tree, Colorado 80124 United States",0 Followers Follow,https://www.houzz.com/pro/reneekoeller/interior-designs-by-renee-koeller,www.ReneeKoellerDesign.com,
Double Dutch Interior Design,(303) 895-6194,"Westminster, Colorado United States",2 Followers Follow,https://www.houzz.com/pro/fiona-corcoran/double-dutch-interior-design,doubledutchinteriors.com,$45 per hour - $300 per room
MCQ Designs,(303) 810-1287,"Englewood, Colorado 80111 United States",3 Followers Follow,https://www.houzz.com/pro/mcqdesigns/mcq-designs,,
AK Designs LLC,(720) 939-1287,"Denver, Colorado 80212 United States",0 Followers Follow,https://www.houzz.com/pro/webuser-742960529/ak-designs-llc,,
Kristine Krupa Interiors,(719) 726-2326,"Colorado Springs, Colorado 80921 United States License Number 88-1997808",0 Followers Follow,https://www.houzz.com/pro/kristine-solo47/kristine-krupa-interiors,www.kristinekrupainteriors.com,
Cohen Creative Design,(303) 807-7727,3885 Chippewa Drive Boulder 80303 United States,0 Followers Follow,https://www.houzz.com/pro/webuser-963837144/cohen-creative-design,www.cohencreativedesign.com,
Colton Jones,(760) 577-1061,"Castle Rock, Colorado 80109 United States",0 Followers Follow,https://www.houzz.com/pro/colton-jones10/colton-jones,,
CC,(415) 841-0506,"Highlands Ranch, Colorado 80124 United States",0 Followers Follow,https://www.houzz.com/pro/celeste-barker20/cc,,
Keri McGuire Designs,(720) 261-2968,"Denver, Colorado 80247 United States",6 Followers Follow,https://www.houzz.com/pro/thelma7/keri-mcguire-designs,,
Medieval Wall Tapestry,(720) 227-9138,"PO box 101055 Denver, Colorado 80250 United States",0 Followers Follow,https://www.houzz.com/pro/medievalwalltapestry/medieval-wall-tapestry,medievalwalltapestry.com,
RockyTop Design,(970) 587-1056,"Johnstown, Colorado 80534 United States",32 Followers Follow Socials Find me on FacebookFind me on TwitterFind me on my blog or other site,https://www.houzz.com/pro/jayna-mccauley/rockytop-design,,
M. Bellinger Design,(303) 518-4630,"531 S Pearl St Denver, Colorado 80209 United States",0 Followers Follow,https://www.houzz.com/pro/webuser-840170191/m-bellinger-design,,"$300 - 30,000"
dudley design,,"Denver, Colorado United States",4 Followers Follow,https://www.houzz.com/pro/dudleydesign/dudley-design,www.dudleyconcretedesign.com/,
Distinctive Touch Interiors,(303) 660-5059,"2638 Castle Crest Drive Castle Rock, Colorado 80104 United States",0 Followers Follow,https://www.houzz.com/pro/webuser-275838599/distinctive-touch-interiors,,
AK interiors,(402) 651-4734,"3112 S Monaco Circle Denver, Colorado 80222 United States",0 Followers Follow,https://www.houzz.com/pro/webuser-177049009/ak-interiors,,
Leta Lewis Interior Design,(303) 513-0554,"Centennial, Colorado United States",0 Followers Follow,https://www.houzz.com/pro/webuser-268102101/leta-lewis-interior-design,,
James Markel Concepts,(949) 697-9748,"Denver, Colorado 80211 United States",135 Followers Follow Socials Find me on my blog or other site,https://www.houzz.com/pro/james-markel/james-markel-concepts,jamesmarkel.com,"$5,000 - 200,000 Read More"
LoLo Redesign,(720) 496-6420,"6907 S Odessa St Aurora, Colorado 80016 United States",0 Followers Follow,https://www.houzz.com/pro/logan-robichaud94/lolo-redesign,,
"Ethan Allen, Johnstown, CO",(970) 663-9006,"Johnstown, Colorado 80534 United States",0 Followers Follow,https://www.houzz.com/pro/kgerlott/ethan-allen-johnstown-co,ethanallen.com,
Metro Property Investor,(303) 840-2460,"Parker, Colorado United States",0 Followers Follow,https://www.houzz.com/pro/tinakmoore/metro-property-investor,,
L Interior Designs,(720) 530-6829,"Commerce City, Colorado 80022 United States",1 Follower Follow Socials Find me on my blog or other site,https://www.houzz.com/pro/yelena-kublitskiy/l-interior-designs,www.linteriordesigns.com/,"$2,000 - 500,000"
Red Cheetah Design,(303) 803-7075,"Lone Tree, Colorado 80124 United States",0 Followers Follow,https://www.houzz.com/pro/webuser-705956829/red-cheetah-design,Www.redcheetahdesign.com,
Keyline Graphics,(970) 302-1142,"7557 E 154th Court Thornton, Colorado 80602 United States",0 Followers Follow,https://www.houzz.com/pro/keyline2602/keyline-graphics,,
Brayton Interiors,(720) 507-4199,"1626 Osceola St. Denver, Colorado 80204 United States",0 Followers Follow,https://www.houzz.com/pro/brayton-interiors/brayton-interiors,braytoninteriors.com/,
D&D Interiors / Mikhail Dantes,(303) 437-0054,"601 S Broadway Suite A Denver, Colorado 80209 United States",591 Followers Follow Socials Find me on Facebook,https://www.houzz.com/pro/ddinteriors/d-d-interiors-mikhail-dantes,ddinteriors.com/,"$125,000 - 3,000,000"
King Nickoli LLC,(720) 691-4020,"Denver, Colorado 80231 United States",0 Followers Follow,https://www.houzz.com/pro/nicholas-mcallister/king-nickoli-llc,,
Christine Kliment Interiors,(720) 312-7184,"Denver, Colorado United States",0 Followers Follow,https://www.houzz.com/pro/tkkiment/christine-kliment-interiors,,
"J M Hardy Interiors, LLC",(303) 817-2112,"2840 6th Street Boulder, Colorado 80306 United States",52 Followers Follow,https://www.houzz.com/pro/jmhardyinteriors/j-m-hardy-interiors-llc,jmhardyinteriors.com,"$50,000 - 90,000"
Currant Design,(303) 641-5321,"Denver, Colorado 80206 United States",15 Followers Follow,https://www.houzz.com/pro/amyhalvorsen/currant-design,,
brenda,(303) 289-2195,"7353 Washington. st denver, Colorado 80229 United States",0 Followers Follow,https://www.houzz.com/pro/brendadiaz/brenda,,
SMB LLC,,"Castle Rock, Colorado United States",3 Followers Follow,https://www.houzz.com/pro/susanbeane/smb-llc,,
JRL Real Estate,(858) 525-2630,"2030 Julian St Denver, Colorado 80211 United States",,https://www.houzz.com/pro/webuser-662591757/jrl-real-estate,,
"AshWig, Ltd.",(404) 693-0739,"1851 Bassett St APT 313 Denver, Colorado 80202 United States",5 Followers Follow,https://www.houzz.com/pro/ashton-hellwig/ashwig-ltd,,
Cicada 3D,(303) 641-3888,"Lafayette, Colorado 80026 United States",11 Followers Follow,https://www.houzz.com/pro/cicada3d/cicada-3d,www.cicada3d.com,"$500 - 10,000 Read More"
Amelia Gray,(720) 587-9452,26 estack place Littleton 80126 United States,11 Followers Follow,https://www.houzz.com/pro/amelia-gray47/amelia-gray,www.facebook.com/grayaesthetics,$80 - 120
Total Floors,(303) 810-8836,"Denver, Colorado United States",0 Followers Follow,https://www.houzz.com/pro/webuser-234904562176/total-floors,,
Guest House,(314) 413-3080,"Denver, Colorado 80212 United States",0 Followers Follow,https://www.houzz.com/pro/film-dump/guest-house,,
CWHR,(720) 394-6387,"21030 North Turkey Creek Road Morrison, Colorado 80465 United States",0 Followers Follow,https://www.houzz.com/pro/webuser-302430705/cwhr,www.cwhr.biz,
Hozbuilder,(303) 323-1322,"2885 E Midway Blvd 117 Denver, Colorado 80234 United States",0 Followers Follow,https://www.houzz.com/pro/echo76/hozbuilder,,
Camellia Interior Design,(303) 367-3079,"Denver, Colorado United States",13 Followers Follow,https://www.houzz.com/pro/lauracamellia/camellia-interior-design,www.camelliainteriordesign.com,
Kor,(773) 931-3096,"Aurora, Colorado 80016 United States",0 Followers Follow,https://www.houzz.com/pro/webuser-241433917/kor,,
Certified Interior Decorator Consultant,(970) 685-4052,"Loveland, Colorado 80538 United States",0 Followers Follow,https://www.houzz.com/pro/tracey-swanson/certified-interior-decorator-consultant,,
Home Design Help,(406) 241-8894,"Erie, Colorado 80516 United States",0 Followers Follow,https://www.houzz.com/pro/allyson-koplen53/home-design-help,,
"LBA FF&E Procurement Services, LLC",(303) 217-8236,"5650 DTC Pkwy suite 100 Englewood, Colorado 80111 United States",0 Followers Follow,https://www.houzz.com/pro/webuser-535821620/lba-ff-e-procurement-services-llc,,
Excalibur Design Accessories,(303) 697-7252,"Morrison, Colorado United States",0 Followers Follow,https://www.houzz.com/pro/skidd10/excalibur-design-accessories,,
"Definite Designs, LLC",(615) 337-7355,"Hudson, Colorado 80642 United States",1 Follower Follow Socials Find me on FacebookFind me on LinkedinFind me on my blog or other site,https://www.houzz.com/pro/webuser-618418893/definite-designs-llc,www.definite-designs.com,"$350 - 4,500"
Goodie,(985) 510-0000,80206 United States,0 Followers Follow,https://www.houzz.com/pro/tippling-one/goodie,,
Guys Floor Service,(806) 371-8900,"Denver, Colorado United States",0 Followers Follow,https://www.houzz.com/pro/rachelg0/guys-floor-service,,
Amora Group,(303) 817-6857,"Denver, Colorado United States",,https://www.houzz.com/pro/breewarot/amora-group,,
happy happy joy joy,(720) 355-9788,"Thornton, Colorado 80241 United States",0 Followers Follow,https://www.houzz.com/pro/4chans/happy-happy-joy-joy,,
Joyce Cooper Design Associates,(805) 969-1486,"Denver, Colorado 80202 United States",0 Followers Follow,https://www.houzz.com/pro/jcooperdes/joyce-cooper-design-associates,,
KS Interiors,(303) 870-2748,"Denver, Colorado 80203 United States License Number 007999470000",31 Followers Follow,https://www.houzz.com/pro/ksinteriordesigner/ks-interiors,ksinteriordesigner.com,
Intercity,(917) 601-9358,"8200 East 8th Avenue Denver, Colorado 80230 United States",0 Followers Follow,https://www.houzz.com/pro/rfauchet358/intercity,,
JJ Interiors,(303) 284-2148,"Evergreen, Colorado 80439 United States",552 Followers Follow Socials Find me on FacebookFind me on TwitterFind me on LinkedinFind me on my blog or other site,https://www.houzz.com/pro/jennifer-jelinek/jj-interiors,www.JJ-Interiors.com,"$50,000 - 10 million Read More License Number NCIDQ #018525"
Very Spacial,(720) 514-9449,"Caste Rock, Colorado 80109 United States",0 Followers Follow,https://www.houzz.com/pro/jason-wahl22/very-spacial,www.veryspacial.com,
Rcmz Investments Inc.,(303) 332-4403,Denver 80229 United States,0 Followers Follow,https://www.houzz.com/pro/ortez1365/rcmz-investments-inc,,
WLR Investments,(720) 403-0792,"328 S Humboldt St Denver, Colorado 80209 United States",65 Followers Follow,https://www.houzz.com/pro/whitney-rampley/wlr-investments,,
Shannon Murphy,(818) 281-7295,"Greeley, Colorado 80634 United States",0 Followers Follow,https://www.houzz.com/pro/shannon-murphy88/shannon-murphy,,
Atmosphere,(720) 428-0011,"Mead, Colorado 80542 United States",12 Followers Follow,https://www.houzz.com/pro/carriesherk/atmosphere,,
HelloSweetie,(720) 207-1856,"Denver, Colorado 80003 United States",9 Followers Follow,https://www.houzz.com/pro/thehellosweetieco/hellosweetie,www.hellosweetie.co,
Savignon Interiors,(720) 933-7584,"Denver, Colorado 80126 United States",121 Followers Follow Socials Find me on FacebookFind me on my blog or other site,https://www.houzz.com/pro/gabriela-evangelisti/savignon-interiors,savignoninteriors.org,
Milan By Design,(303) 279-1397,"Denver, Colorado United States",8 Followers Follow,https://www.houzz.com/pro/carol-milan/milan-by-design,,
McKinney Interiors,(303) 906-5337,"6679 S. Locust Way Centennial, Colorado 80111 United States",10 Followers Follow,https://www.houzz.com/pro/sfmckinney/mckinney-interiors,,
Simplicity International Designs,(720) 466-0224,"12711 Colorado Blvd, #906 I Thornton, Colorado 80241 United States",5 Followers Follow,https://www.houzz.com/pro/drdirk21/simplicity-international-designs,,
Floor & Decor,(312) 860-7786,"Monument, Colorado United States",3 Followers Follow,https://www.houzz.com/pro/kimberm66/floor-decor,,
m_martin_lc,(303) 906-0214,"23550 E 155th Way Brighton, Colorado 80603 United States",0 Followers Follow,https://www.houzz.com/pro/m-martin_lc/m-martin-lc,,
Sorele Home & Lifestyles,(303) 593-1539,"Greenwood Village, Colorado United States",0 Followers Follow,https://www.houzz.com/pro/kkholthus/sorele-home-lifestyles,,
Reborn Rooms LLC,(720) 560-9826,"Littleton, Colorado United States",0 Followers Follow,https://www.houzz.com/pro/jbow6309/reborn-rooms-llc,,
Cuvee Ventures,(303) 957-8227,"Denver, Colorado 80202 United States",0 Followers Follow,https://www.houzz.com/pro/susan-farrugia/cuvee-ventures,cuvee.com,
Molly Pollich,(303) 710-5668,"3061 4th St. Boulder, Colorado 80304 United States",0 Followers Follow,https://www.houzz.com/pro/molly-pollich/molly-pollich,,
Shalls Design Studio,(720) 318-3818,"Boulder, Colorado 80304 United States",0 Followers Follow,https://www.houzz.com/pro/adrianna-cohen/shalls-design-studio,,
Kate Saige Interiors,(303) 961-8561,"1621 saddlesmith place Castle rock, Colorado 80108 United States",49 Followers Follow,https://www.houzz.com/pro/kate-sagehornclapp/kate-saige-interiors,,
Contreras Basement,(720) 435-5986,"9311 Hoffman Way Thornton, Colorado 80229 United States",0 Followers Follow,https://www.houzz.com/pro/webuser-292858812/contreras-basement,,
KWDS,(303) 809-6955,"295 HOPI PL BOULDER, Colorado 80303 United States",3 Followers Follow,https://www.houzz.com/pro/kswdesigns/kwds,www.katewoodarddesign.com/,
Holly Bell,,"4626 W. 33rd Ave. Denver, Colorado 80212 United States",11 Followers Follow,https://www.houzz.com/pro/hollyannebell/holly-bell,,
Amy's Home Place,(612) 644-4002,"Castle Rock, Colorado 80109 United States",10 Followers Follow Socials Find me on FacebookFind me on my blog or other site,https://www.houzz.com/pro/webuser-621718022/amy-s-home-place,amyshomeplace.com/,"$500 - 10,000"
Deborah Hlinka-Ethan Allen Johnstown,(970) 663-9006,"Johnstown, Colorado United States",1 Follower Follow,https://www.houzz.com/pro/dhlinka/deborah-hlinka-ethan-allen-johnstown,www.ethanallen.com,
Poppy and Iron Interiors,(303) 909-7890,"3753 Franklin St Denver, Colorado 80205 United States",0 Followers Follow,https://www.houzz.com/pro/poppyandiron/poppy-and-iron-interiors,www.poppyandironinteriors.com/,"$500 - 10,000 Read More"
Interior Decorating Services,(970) 567-9759,"2445 Courtney Dr Loveland, Colorado 80537 United States",0 Followers Follow,https://www.houzz.com/pro/webuser-428126395/interior-decorating-services,,
G.F.S.,(303) 375-8791,"Denver, Colorado 80124 United States",6 Followers Follow,https://www.houzz.com/pro/karyncguys/g-f-s,,
Evergreen Interior Designs,(720) 422-4868,"Evergreen, Colorado United States",32 Followers Follow,https://www.houzz.com/pro/evergreeninteriordesigns/evergreen-interior-designs,www.tammykuhninteriors.com,"$5,000 - 1 million License Number 20161306245"
PrettyUp Interiors,(336) 255-4954,"17202 Cornerstone Ln Parker, Colorado 80134 United States",0 Followers Follow,https://www.houzz.com/pro/kim-soviksiemens/prettyup-interiors,,"$500 - 5,000 License Number 84-4341481"
Sky Paradise,(720) 298-5179,"Boulder, Colorado United States",0 Followers Follow,https://www.houzz.com/pro/revsky123/sky-paradise,,
Nelson Design,(720) 998-8940,"Highlands Ranch, Colorado 80126 United States",3 Followers Follow,https://www.houzz.com/pro/barblines/nelson-design,,
"R & C Superior Fulfillment, LLC",(757) 575-5538,"Longmont, Colorado United States",0 Followers Follow,https://www.houzz.com/pro/webuser-396810758/r-c-superior-fulfillment-llc,,
CynGranados,(720) 473-3537,"9792 Mayfair Street unit-c Englewood, Colorado 80112 United States",8 Followers Follow,https://www.houzz.com/pro/cynthiagranados26/cyngranados,,
AMB Interiors,(310) 488-1104,"Denver, Colorado 80212 United States",24 Followers Follow,https://www.houzz.com/pro/amb-interiors/amb-interiors,www.amb-interiors.com,"$3,000 - 1 million"
Lotus Designs LLC,(720) 300-9873,"Denver, Colorado United States",0 Followers Follow,https://www.houzz.com/pro/lotusdesigns303/lotus-designs-llc,www.facebook.com/lotusdesigninc/,"$100 - 10,000 Read More"
Zhoosh Designs,(720) 445-6553,3515 Ringsby Court Denver 80216 United States,2 Followers Follow,https://www.houzz.com/pro/wesley-schultz9/zhoosh-designs,www.zhooshdesigns.com,
